[
  {
    "Id": "853014",
    "ThreadId": "360736",
    "Html": "\r\n<p>Love the program!</p>\r\n<p>I would like to use it to clear my TortoiseSVN credentials whenever going into suspend or when shutting down. &nbsp;Is it possible to add a &quot;shutting down&quot; action?</p>\r\n<p>Thanks,<br>\r\nCraig&nbsp;</p>\r\n",
    "PostedDate": "2012-06-24T09:06:09.853-07:00",
    "UserRole": null,
    "MarkedAsAnswerDate": null
  },
  {
    "Id": "904936",
    "ThreadId": "360736",
    "Html": "<p>Why dont you use group policy for that</p>\r\n<p>&nbsp;</p>\r\n<p>Star0 Buttont --&gt; run --&gt; gpedit.msc --&gt; User configuration --&gt; Windows Settings --&gt; Scripts --&gt; Log off</p>\r\n<p>&nbsp;</p>\r\n<p>And any script you add there will run on logging off , this included restart, shutdown, and log off of course.</p>",
    "PostedDate": "2012-08-27T23:17:38.41-07:00",
    "UserRole": null,
    "MarkedAsAnswerDate": null
  },
  {
    "Id": "905446",
    "ThreadId": "360736",
    "Html": "\r\n<div>\r\n<p><span style=\"font-size:11.0pt; font-family:\">Ha! I didn’t know about that. Thank you.</span></p>\r\n<p><span style=\"font-size:11.0pt; font-family:\"></span></p>\r\n<div>\r\n<div style=\"border:none; border-top:solid #B5C4DF 1.0pt; padding:3.0pt 0in 0in 0in\">\r\n<p><b><span style=\"font-size:10.0pt; font-family:\">From:</span></b><span style=\"font-size:10.0pt; font-family:\"> emad_ramlawi [email removed]\r\n<br>\r\n<b>Sent:</b> Monday, August 27, 2012 11:18 PM<br>\r\n<b>To:</b> notify_craig@shaw.ca<br>\r\n<b>Subject:</b> Re: Feature Request - shutdown trigger [win7suspendresume:360736]</span></p>\r\n</div>\r\n</div>\r\n<p></p>\r\n<p><span style=\"font-size:9.0pt; font-family:\">From: emad_ramlawi</span></p>\r\n<div id=\"ThreadNotificationPostBody\" style=\"margin-bottom:24.0pt\">\r\n<p><span style=\"font-size:9.0pt; font-family:\">Why dont you use group policy for that</span></p>\r\n<p><span style=\"font-size:9.0pt; font-family:\"></span></p>\r\n<p><span style=\"font-size:9.0pt; font-family:\">Star0 Buttont --&gt; run --&gt; gpedit.msc --&gt; User configuration --&gt; Windows Settings --&gt; Scripts --&gt; Log off</span></p>\r\n<p><span style=\"font-size:9.0pt; font-family:\"></span></p>\r\n<p><span style=\"font-size:9.0pt; font-family:\">And any script you add there will run on logging off , this included restart, shutdown, and log off of course.</span></p>\r\n</div>\r\n</div>\r\n",
    "PostedDate": "2012-08-28T21:52:51.68-07:00",
    "UserRole": null,
    "MarkedAsAnswerDate": null
  },
  {
    "Id": "1184162",
    "ThreadId": "360736",
    "Html": "I am also interested in a shutdown trigger.\r<br />\nI tried the proposed alternative (the Group policy) but I found it not working well as this great application!\r<br />\nWould it be possible then to add a ShutDown trigger?\r<br />\n<br />\nThank you in advance!\r<br />\nDakkar<br />\n",
    "PostedDate": "2014-01-20T04:23:43.28-08:00",
    "UserRole": null,
    "MarkedAsAnswerDate": null
  }
]