[
  {
    "Id": "904934",
    "ThreadId": "393293",
    "Html": "\r\n<p>Hello,</p>\r\n<p>Thanks for an great software, i have test it and works flawless, however i wrote .bat file, that works great on stand alone, and it runs fine, by double clicking it, this bat includes the following:</p>\r\n<p>stop an windows service</p>\r\n<p>delete an punch of files</p>\r\n<p>start the service again</p>\r\n<p>&nbsp;</p>\r\n<p>Running the script using power trigger will only stop and start the service but wont delete bunch of files, after more testing its appears the Environmental path %appdata% is not supported? how come? i replaced %appdata% with an fixed location and that worked\r\n with power trigger , i tried change the bat run time to service and to current user, still no luck, plus changing the mode to run at specific user, seems off a bit, cause any username or password i type in there will tell me it &quot;user successfully authenticated&quot;.</p>\r\n<p>&nbsp;</p>\r\n<p>Please dont abandon this project, your hard work really pays off, not alot of apps can do what this smart software does.</p>\r\n<p>&nbsp;</p>\r\n<p>Please provide any help or notes, when free, about the %appdata% issue.</p>\r\n<p>&nbsp;</p>\r\n<p>Thanks in advance.</p>\r\n<p>&nbsp;</p>\r\n<p>=============================================================================</p>\r\n<p>After doing some testing it appears that %APPDATA% redirects to</p>\r\n<p>C:\\Windows\\system32\\config\\systemprofile\\AppData\\Roaming\\</p>\r\n<p>Anyway you can stop that? i tried to change to run at specific User but does not work, do you have Tip that can help me in my situation, how to point to the</p>\r\n<p>C:\\Users\\(Username)\\AppData</p>\r\n<p>and make this work on a accepting current user session variable</p>\r\n<p>Thanks in advance</p>\r\n",
    "PostedDate": "2012-08-27T23:13:26.433-07:00",
    "UserRole": null,
    "MarkedAsAnswerDate": null
  }
]