[
  {
    "Id": "223882",
    "Title": "New Version",
    "LatestDate": "2011-02-28T04:50:08.707-08:00"
  },
  {
    "Id": "360736",
    "Title": "Feature Request - shutdown trigger",
    "LatestDate": "2014-01-20T04:23:43.28-08:00"
  },
  {
    "Id": "361775",
    "Title": "Starting Outlook",
    "LatestDate": "2012-07-03T00:53:47.37-07:00"
  },
  {
    "Id": "390113",
    "Title": "Internet Connection?!",
    "LatestDate": "2012-08-03T01:48:37.937-07:00"
  },
  {
    "Id": "393293",
    "Title": "Y U NO respect enviromental paths ???",
    "LatestDate": "2012-08-27T23:13:26.433-07:00"
  },
  {
    "Id": "643717",
    "Title": "[Feature Request]",
    "LatestDate": "2015-08-14T07:59:22.237-07:00"
  },
  {
    "Id": "652708",
    "Title": "Feature Request - session disconnect and workstation locked triggers",
    "LatestDate": "2016-03-19T11:46:12.067-07:00"
  }
]