[
  {
    "Id": "481605",
    "ThreadId": "223882",
    "Html": "<p><span style=\"font-size:12pt\">\r\n<p>A nice guy by the name of Kevin McGrath has kindly submitted a new version of Power Triggers. This will soon be published as Power Triggers v2. Some of the features of the upcoming new version are:</p>\r\n</span></p>\r\n<p>1. A windows service handles the windows suspend/resume action now so no need for a user to be logged-in.<br>2. No need for command-line batch files, at least for starting/stopping services, processes and devices.<br>3. Logs are recorded by the service and fed back to the client application. If any errors have occurred when executing suspend/resume actions then these are clearly identified by error/warning icons in the displayed history.<br>4. Because the software uses direct calls to .net namespaces for service/device activities, it performs much more quickly than command-line equivalents - this means it is much more likely to complete the execution of suspend tasks before the system actually goes to sleep.<br>5. The windows service prevents suspend tasks running in parallel to resume tasks. &nbsp;It does this by using a queue which contains tasks to be completed by a background thread. &nbsp;the background thread will process the tasks sequentially. &nbsp;So, if the service is running a list of suspend tasks and then the system goes into sleep mode before the tasks are completed, then when the resume-from-sleep occurs then the list of resume actions will not be executed immediately, instead they are added to the queue where they will be processed once all the suspend tasks have been completed.<br>5. The background thread that processes the suspend/resume tasks runs as a higher-priority thread, so making it more likely to complete the tasks quickly.</p>\r\n<p><span style=\"font-size:12pt\">﻿</span>All these changes are currently in testing before the code is uploaded to CodePlex and a new build is published. I hope to have something published before the end of September.</p>",
    "PostedDate": "2010-08-17T15:40:48.287-07:00",
    "UserRole": null,
    "MarkedAsAnswerDate": null
  },
  {
    "Id": "559309",
    "ThreadId": "223882",
    "Html": "\r\n<p>Any progress on this new build?</p>\r\n",
    "PostedDate": "2011-02-02T04:55:41.883-08:00",
    "UserRole": null,
    "MarkedAsAnswerDate": null
  },
  {
    "Id": "559317",
    "ThreadId": "223882",
    "Html": "\r\n<p>Sorry, i've been sidetracked on other projects. I believe the code is ready so I should just need to build it. i'll check it out and try to get it posted ASAP.</p>\r\n",
    "PostedDate": "2011-02-02T05:20:02.237-08:00",
    "UserRole": null,
    "MarkedAsAnswerDate": null
  },
  {
    "Id": "559703",
    "ThreadId": "223882",
    "Html": "\r\n<p>Released now, enjoy.</p>\r\n",
    "PostedDate": "2011-02-02T13:34:08.073-08:00",
    "UserRole": null,
    "MarkedAsAnswerDate": null
  },
  {
    "Id": "572667",
    "ThreadId": "223882",
    "Html": "<p>Hello. Thank you for this very useful software. I'm using windows 7, x64, and I'm getting the following message when trying to close a device: \"Unable to disable device 'xxxxx'. The reported error code is 'InWow64'.\"</p>\r\n<p>Does this have something to do with windows being x64? Is this program not prepared for that?</p>\r\n<p>&nbsp;</p>\r\n<p>Thanks for any help</p>\r\n<p>&nbsp;</p>",
    "PostedDate": "2011-02-26T15:49:32.017-08:00",
    "UserRole": null,
    "MarkedAsAnswerDate": null
  },
  {
    "Id": "573203",
    "ThreadId": "223882",
    "Html": "<p>Yep it does look like a 64bit issue. I didn't write most of the code so don't know what platforms it was targetting. Next time i'm looking at the code, i'll have a look and see what platforms it should work with (Sorry, can't gurantee when this will be).</p>\r\n<p>I'll create an Issue for it.</p>",
    "PostedDate": "2011-02-28T04:49:01.333-08:00",
    "UserRole": null,
    "MarkedAsAnswerDate": null
  },
  {
    "Id": "573204",
    "ThreadId": "223882",
    "Html": "This discussion has been copied to a work item. Click <a href=\"http://win7suspendresume.codeplex.com/workitem/13105\">here</a> to go to the work item and continue the discussion.",
    "PostedDate": "2011-02-28T04:50:08.707-08:00",
    "UserRole": null,
    "MarkedAsAnswerDate": null
  }
]