[
  {
    "Id": "1440590",
    "ThreadId": "643717",
    "Html": "Hi,\r<br />\n<br />\ni use the tool to stop some processes before i unmount a vhdx disk. The feature i'm missing is the option to close all processes running from a certain image location.\r<br />\n<br />\nHere is my ps script that does something like this:<br />\n<pre><code>foreach ($file in Get-WmiObject Win32_Process) {\n    if ($file -ne $null -and $file.Path -ne $null -and $file.Path.StartsWith(&quot;A:\\&quot;)) {\n        taskkill /PID $file.ProcessId | Out-Null\n    }\n}</code></pre>\n\nBasically i have a vhdx mounted as volume A and need to close all open applications that are started from this volume, before the system goes to sleep.\r<br />\nSo a option that accepts something like &quot;A:*.*&quot; as a location would be nice.<br />\n",
    "PostedDate": "2015-08-14T07:59:22.237-07:00",
    "UserRole": null,
    "MarkedAsAnswerDate": null
  }
]