{
  "WorkItem": {
    "AffectedComponent": {
      "Name": "",
      "DisplayName": ""
    },
    "ClosedComment": "Recommend EventGhost as a better alternative to this product, as this is no longer actively developed.",
    "ClosedDate": "2012-07-03T03:32:51.31-07:00",
    "CommentCount": 0,
    "Custom": null,
    "Description": "Hello. Thank you for this very useful software. I'm using windows 7, x64, and I'm getting the following message when trying to close a device: \"Unable to disable device 'xxxxx'. The reported error code is 'InWow64'.\"\n \nDoes this have something to do with windows being x64? Is this program not prepared for that?\n \n \n \nThanks for any help",
    "LastUpdatedDate": "2013-05-15T22:18:00.143-07:00",
    "PlannedForRelease": "",
    "ReleaseVisibleToPublic": false,
    "Priority": {
      "Name": "Low",
      "Severity": 50,
      "Id": 1
    },
    "ProjectName": "win7suspendresume",
    "ReportedDate": "2011-02-28T04:50:07.263-08:00",
    "Status": {
      "Name": "Closed",
      "Id": 4
    },
    "ReasonClosed": {
      "Name": "Unassigned"
    },
    "Summary": "Error on x64 machine",
    "Type": {
      "Name": "Issue",
      "Id": 3
    },
    "VoteCount": 1,
    "Id": 13105
  },
  "FileAttachments": [],
  "Comments": [
    {
      "Message": "Hello vbtrek, any news on this? Probably your time is short, but isn't anyone else in the world interested in this very useful utility?\r\nHave you had time to review the code?\r\nAnd if so, can you report how difficult would it be to convert the software for x64 compatibility?\r\nThank you, very much.",
      "PostedDate": "2011-03-23T06:36:02.303-07:00",
      "Id": -2147483648
    },
    {
      "Message": "Sorry no news as yet on this. I haven't had any time to work on this project for some time, and it may be some time before I get back to it. If anyone else would like to take a look, please let me know.",
      "PostedDate": "2011-03-28T01:14:38.493-07:00",
      "Id": -2147483648
    },
    {
      "Message": "Ok. What about the author of this new version, the \"very nice guy\" Kevin McGrath? Is he reachable? Does he have a username on codeplex, could he be interested in adapting the software to work in x64?\r\nI wish I could do it myself but I have absolutely no knowledge of coding...\r\nThanks",
      "PostedDate": "2011-04-05T17:41:04.75-07:00",
      "Id": -2147483648
    },
    {
      "Message": "I would recommedn using <a href=\"http://www.eventghost.org/\">EventGhost</a>.",
      "PostedDate": "2012-07-03T03:32:03.25-07:00",
      "Id": -2147483648
    },
    {
      "Message": "",
      "PostedDate": "2012-07-03T03:32:51.31-07:00",
      "Id": -2147483648
    },
    {
      "Message": "",
      "PostedDate": "2013-02-13T18:54:11.217-08:00",
      "Id": -2147483648
    },
    {
      "Message": "",
      "PostedDate": "2013-05-15T22:18:00.143-07:00",
      "Id": -2147483648
    }
  ]
}