{
  "WorkItem": {
    "AffectedComponent": {
      "Name": "",
      "DisplayName": ""
    },
    "ClosedComment": "",
    "ClosedDate": "2009-12-06T16:47:24.393-08:00",
    "CommentCount": 0,
    "Custom": null,
    "Description": "Force active so that Deactivate works",
    "LastUpdatedDate": "2013-05-15T22:18:00.433-07:00",
    "PlannedForRelease": "",
    "ReleaseVisibleToPublic": false,
    "Priority": {
      "Name": "Low",
      "Severity": 50,
      "Id": 1
    },
    "ProjectName": "win7suspendresume",
    "ReportedDate": "2009-12-06T02:16:56.97-08:00",
    "Status": {
      "Name": "Closed",
      "Id": 4
    },
    "ReasonClosed": {
      "Name": "Unassigned"
    },
    "Summary": "Force active so that Deactivate works",
    "Type": {
      "Name": "Issue",
      "Id": 3
    },
    "VoteCount": 1,
    "Id": 9591
  },
  "FileAttachments": [],
  "Comments": [
    {
      "Message": "Fixed.\r\n\r\n\n\n** Closed by vbtrek 12/6/2009 4:08 PM",
      "PostedDate": "2009-12-06T16:46:23.883-08:00",
      "Id": -2147483648
    },
    {
      "Message": "...",
      "PostedDate": "2009-12-06T16:46:25.03-08:00",
      "Id": -2147483648
    },
    {
      "Message": "",
      "PostedDate": "2009-12-06T16:46:39.71-08:00",
      "Id": -2147483648
    },
    {
      "Message": "",
      "PostedDate": "2009-12-06T16:47:24.393-08:00",
      "Id": -2147483648
    },
    {
      "Message": "",
      "PostedDate": "2013-02-13T18:54:11.553-08:00",
      "Id": -2147483648
    },
    {
      "Message": "",
      "PostedDate": "2013-05-15T22:18:00.433-07:00",
      "Id": -2147483648
    }
  ]
}