{
  "WorkItem": {
    "AffectedComponent": {
      "Name": "",
      "DisplayName": ""
    },
    "ClosedComment": "Duplicate entry",
    "ClosedDate": "2012-07-03T03:27:15.687-07:00",
    "CommentCount": 0,
    "Custom": null,
    "Description": "Is wanted to use this programm to start/stop XBMC when i press power off on my remote. After power up, the application is started but doesn't have the focus, so my remote control isn't responding after i first gave xbmc the focus.",
    "LastUpdatedDate": "2013-05-15T22:17:59.87-07:00",
    "PlannedForRelease": "",
    "ReleaseVisibleToPublic": false,
    "Priority": {
      "Name": "Low",
      "Severity": 50,
      "Id": 1
    },
    "ProjectName": "win7suspendresume",
    "ReportedDate": "2012-02-10T14:29:49.737-08:00",
    "Status": {
      "Name": "Closed",
      "Id": 4
    },
    "ReasonClosed": {
      "Name": "Unassigned"
    },
    "Summary": "Programms that started after resume doesn't have the focus!",
    "Type": {
      "Name": "Issue",
      "Id": 3
    },
    "VoteCount": 1,
    "Id": 14738
  },
  "FileAttachments": [],
  "Comments": []
}