{
  "WorkItem": {
    "AffectedComponent": {
      "Name": "",
      "DisplayName": ""
    },
    "ClosedComment": "Suggest using EventGhost as this app is no longer being actively developed.",
    "ClosedDate": "2012-07-03T03:30:52.643-07:00",
    "CommentCount": 0,
    "Custom": null,
    "Description": "Is wanted to use this programm to start/stop XBMC when i press power off on my remote. After power up, the application is started but doesn't have the focus, so my remote control isn't responding after i first gave xbmc the focus.",
    "LastUpdatedDate": "2013-05-15T22:17:59.347-07:00",
    "PlannedForRelease": "",
    "ReleaseVisibleToPublic": false,
    "Priority": {
      "Name": "Low",
      "Severity": 50,
      "Id": 1
    },
    "ProjectName": "win7suspendresume",
    "ReportedDate": "2012-02-10T14:29:55.207-08:00",
    "Status": {
      "Name": "Closed",
      "Id": 4
    },
    "ReasonClosed": {
      "Name": "Unassigned"
    },
    "Summary": "Programms that started after resume doesn't have the focus!",
    "Type": {
      "Name": "Issue",
      "Id": 3
    },
    "VoteCount": 1,
    "Id": 14739
  },
  "FileAttachments": [],
  "Comments": [
    {
      "Message": "I would suggest using EventGhost http://www.eventghost.org/, it's far more fully featured than this app.",
      "PostedDate": "2012-07-03T03:28:46.543-07:00",
      "Id": -2147483648
    },
    {
      "Message": "",
      "PostedDate": "2012-07-03T03:30:52.643-07:00",
      "Id": -2147483648
    },
    {
      "Message": "",
      "PostedDate": "2013-02-13T18:54:10.4-08:00",
      "Id": -2147483648
    },
    {
      "Message": "",
      "PostedDate": "2013-05-15T22:17:59.347-07:00",
      "Id": -2147483648
    }
  ]
}