{
  "WorkItem": {
    "AffectedComponent": {
      "Name": "",
      "DisplayName": ""
    },
    "ClosedComment": "",
    "ClosedDate": null,
    "CommentCount": 0,
    "Custom": null,
    "Description": "Device, Stop Process, and Start Process tabs fail on Windows 10: \"Error occurred retrieving list from server: The communication object, System.ServiceModel.Channels.ServiceChannel, cannot be used for communication because it is in the Faulted state.\"",
    "LastUpdatedDate": "2016-03-23T09:18:42.907-07:00",
    "PlannedForRelease": "",
    "ReleaseVisibleToPublic": false,
    "Priority": {
      "Name": "Unassigned",
      "Severity": 0,
      "Id": 0
    },
    "ProjectName": "win7suspendresume",
    "ReportedDate": "2016-03-23T09:18:42.907-07:00",
    "Status": {
      "Name": "Proposed",
      "Id": 1
    },
    "ReasonClosed": {
      "Name": "Unassigned"
    },
    "Summary": "Device, Stop Process, and Start Process tabs fail on Windows 10",
    "Type": {
      "Name": "Unassigned",
      "Id": 5
    },
    "VoteCount": 1,
    "Id": 17632
  },
  "FileAttachments": [],
  "Comments": []
}