[
  {
    "Id": 9589,
    "Title": "Remove TEST Log Entry"
  },
  {
    "Id": 9590,
    "Title": "Allow clearing an action"
  },
  {
    "Id": 9591,
    "Title": "Force active so that Deactivate works"
  },
  {
    "Id": 9592,
    "Title": "Resume not firing"
  },
  {
    "Id": 13105,
    "Title": "Error on x64 machine"
  },
  {
    "Id": 14737,
    "Title": "Programms that started after resume doesn't have the focus!"
  },
  {
    "Id": 14738,
    "Title": "Programms that started after resume doesn't have the focus!"
  },
  {
    "Id": 14739,
    "Title": "Programms that started after resume doesn't have the focus!"
  },
  {
    "Id": 17632,
    "Title": "Device, Stop Process, and Start Process tabs fail on Windows 10"
  }
]