{
  "WorkItem": {
    "AffectedComponent": {
      "Name": "",
      "DisplayName": ""
    },
    "ClosedComment": "Fixed.",
    "ClosedDate": "2009-12-06T16:47:46.733-08:00",
    "CommentCount": 0,
    "Custom": null,
    "Description": "Allow clearing an action",
    "LastUpdatedDate": "2013-05-15T22:18:00.56-07:00",
    "PlannedForRelease": "",
    "ReleaseVisibleToPublic": false,
    "Priority": {
      "Name": "Low",
      "Severity": 50,
      "Id": 1
    },
    "ProjectName": "win7suspendresume",
    "ReportedDate": "2009-12-06T02:16:04-08:00",
    "Status": {
      "Name": "Closed",
      "Id": 4
    },
    "ReasonClosed": {
      "Name": "Unassigned"
    },
    "Summary": "Allow clearing an action",
    "Type": {
      "Name": "Issue",
      "Id": 3
    },
    "VoteCount": 1,
    "Id": 9590
  },
  "FileAttachments": [],
  "Comments": []
}