{
  "WorkItem": {
    "AffectedComponent": {
      "Name": "",
      "DisplayName": ""
    },
    "ClosedComment": "",
    "ClosedDate": "2009-12-08T14:58:10.723-08:00",
    "CommentCount": 0,
    "Custom": null,
    "Description": "Resume not firing",
    "LastUpdatedDate": "2013-05-15T22:18:00.28-07:00",
    "PlannedForRelease": "",
    "ReleaseVisibleToPublic": false,
    "Priority": {
      "Name": "Low",
      "Severity": 50,
      "Id": 1
    },
    "ProjectName": "win7suspendresume",
    "ReportedDate": "2009-12-06T02:17:33-08:00",
    "Status": {
      "Name": "Closed",
      "Id": 4
    },
    "ReasonClosed": {
      "Name": "Unassigned"
    },
    "Summary": "Resume not firing",
    "Type": {
      "Name": "Issue",
      "Id": 3
    },
    "VoteCount": 1,
    "Id": 9592
  },
  "FileAttachments": [],
  "Comments": []
}