[
  {
    "Id": "0",
    "Name": "Release 2.0.0",
    "DevelopmentStatus": "Beta",
    "Description": "First release of the rewritten version.",
    "ReleasedDatge": "0001-01-01T00:00:00",
    "ModifiedDate": "2011-02-02T13:31:49.663-08:00",
    "Files": [
      {
        "Id": "fba7d2a5-ff4c-4eb9-9e2e-4251561444de",
        "FileName": "Setup 2.0.0.zip",
        "Url": "./0/fba7d2a5-ff4c-4eb9-9e2e-4251561444de",
        "Type": "Application",
        "UploadDate": "2011-02-02T13:31:49.397-08:00"
      }
    ]
  },
  {
    "Id": "1",
    "Name": "Release 1.0.1",
    "DevelopmentStatus": "Beta",
    "Description": "Updated batch files.\nAdded code to make sure that the suspend command wasn't still running when the machine resumed and vice versa.",
    "ReleasedDatge": "0001-01-01T00:00:00",
    "ModifiedDate": "2009-12-22T14:58:00.977-08:00",
    "Files": [
      {
        "Id": "e0aee0fe-75a5-437c-8835-6a34de889422",
        "FileName": "Setup 1.0.1.zip",
        "Url": "./1/e0aee0fe-75a5-437c-8835-6a34de889422",
        "Type": "Application",
        "UploadDate": "2009-12-22T14:58:00.803-08:00"
      }
    ]
  },
  {
    "Id": "2",
    "Name": "Release 1.0.0",
    "DevelopmentStatus": "Beta",
    "Description": "The first release. Includes a sample suspend.bat and resume.bat (as used on my own system). Tested on Windows 7 Home Premium x64 only.",
    "ReleasedDatge": "0001-01-01T00:00:00",
    "ModifiedDate": "2009-12-08T14:54:38.153-08:00",
    "Files": [
      {
        "Id": "dbba03f5-cb60-459f-9c60-7877fe064cd8",
        "FileName": "Setup 1.0.0.zip",
        "Url": "./2/dbba03f5-cb60-459f-9c60-7877fe064cd8",
        "Type": "Application",
        "UploadDate": "2009-12-08T14:54:37.98-08:00"
      }
    ]
  },
  {
    "Id": "3",
    "Name": "Version 2.0.0.1",
    "DevelopmentStatus": "Beta",
    "Description": "Fixes minor bug in handling corrupted xml files.\n\nYou must uninstall any previous versions before installing latest version.",
    "ReleasedDatge": "0001-01-01T00:00:00",
    "ModifiedDate": "2013-02-05T08:19:15.957-08:00",
    "Files": [
      {
        "Id": "49d2ea10-7a2a-4265-81b0-0d8f3eb00d24",
        "FileName": "v2.0.0.1.zip",
        "Url": "./3/49d2ea10-7a2a-4265-81b0-0d8f3eb00d24",
        "Type": "Application",
        "UploadDate": "2013-02-05T08:19:15.723-08:00"
      }
    ]
  }
]